ID_REF	methylation_calls	unmethylation_calls	total_calls
cg23651812	1	0	1
cg05642789	0	1	1
cg01970427	1	0	1
cg10397932	0	1	1
cg15644634	1	0	1
cg23218354	0	1	1
cg12140144	1	0	1
cg18381051	0	1	1
cg22506548	1	0	1
cg15619820	1	0	1
cg22720392	1	0	1
cg22606873	1	0	1
cg27171194	0	1	1
cg10893986	0	1	1
cg01602345	1	0	1
cg01071314	1	0	1
cg02837536	1	0	1
cg15892785	0	1	1
cg16034168	0	1	1
cg04870212	1	0	1
cg06800235	1	0	1
cg11426075	1	0	1
cg00258316	1	0	1
cg02847588	1	0	1
cg00590817	0	1	1
cg12700319	0	1	1
cg06780032	0	1	1
cg16553238	1	0	1
cg22400059	1	0	1
cg10777461	1	0	1
cg22515654	0	1	1
cg18232828	1	0	1
cg04842880	0	1	1
cg04622001	0	1	1
cg27396830	1	0	1
cg23983887	0	1	1
cg17935811	1	0	1
cg01346152	1	0	1
cg02902865	1	0	1
cg13420744	1	0	1
cg00922376	0	1	1
cg18890112	1	0	1
cg04129469	1	0	1
cg18202521	1	0	1
cg13319175	1	0	1
cg10699884	0	1	1
cg10485752	0	1	1
cg17218045	0	1	1
cg10585371	0	1	1
cg04078732	1	0	1
cg09804503	0	1	1
cg04892182	0	1	1
cg02101812	1	0	1
cg08128087	1	0	1
cg18852567	0	1	1
cg16394290	0	1	1
cg06911238	1	0	1
cg01134183	0	1	1
cg19809499	0	1	1
cg15457058	0	1	1
cg10511332	0	1	1
cg00317626	0	1	1
cg15645660	0	1	1
cg16037711	1	0	1
cg15687600	0	1	1
cg10220544	1	0	1
cg02068356	1	0	1
cg26315985	0	1	1
cg14792081	1	0	1
cg13379827	1	0	1
cg00455424	1	0	1
cg23045908	0	1	1
cg25368122	1	0	1
cg20434422	0	1	1
cg06913958	0	1	1
cg21913319	0	1	1
cg02083836	0	1	1
cg16683160	0	1	1
cg27285720	1	0	1
cg01921432	1	0	1
cg16058493	1	0	1
cg14419975	1	0	1
cg14200127	0	1	1
cg12593746	0	1	1
cg18533397	1	0	1
cg00924017	1	0	1
cg25210835	0	1	1
cg24467349	0	1	1
cg08091439	0	1	1
cg23068939	0	1	1
cg23894854	0	1	1
cg00543976	0	1	1
cg21873275	1	0	1
cg04870460	1	0	1
cg12749132	1	0	1
cg08703872	0	1	1
cg03147210	1	0	1
cg26230275	0	1	1
cg09895920	1	0	1
cg13420845	0	1	1
cg01342196	0	1	1
cg13892570	0	1	1
cg16107628	0	1	1
cg13552867	1	0	1
cg07706715	1	0	1
cg23971170	1	0	1
cg14556762	0	1	1
cg03317045	1	0	1
cg12593541	0	1	1
cg21118367	0	1	1
cg27225220	0	1	1
cg08883223	1	0	1
cg10092377	1	0	1
cg19022978	0	1	1
cg01720945	0	1	1
cg19241954	0	1	1
cg12697139	0	1	1
cg07168232	0	1	1
cg16395183	1	0	1
cg10203375	0	1	1
cg10985914	0	1	1
cg02919116	1	0	1
cg03048947	0	1	1
cg09076339	0	1	1
cg04102510	0	1	1
cg08708961	1	0	1
cg10327440	1	0	1
cg26841013	0	1	1
cg18882687	0	1	1
cg15471815	1	0	1
cg13850606	0	1	1
cg13359998	1	0	1
cg04031093	1	0	1
cg15924102	1	0	1
cg03130910	0	1	1
cg04786142	0	1	1
cg00311883	1	0	1
cg13475583	0	1	1
cg03518729	0	1	1
cg20288565	0	1	1
cg19778253	0	1	1
cg26123647	0	1	1
cg14701108	1	0	1
cg14552732	1	0	1
cg26881307	1	0	1
cg14684749	1	0	1
cg08180229	1	0	1
cg01924952	1	0	1
cg03242471	0	1	1
cg00034336	1	0	1
cg18251222	0	1	1
cg02599716	0	1	1
cg15573925	0	1	1
cg14245471	1	0	1
cg21128787	0	1	1
cg02479842	1	0	1
cg07837078	0	1	1
cg24879782	0	1	1
cg22900681	0	1	1
cg25816739	1	0	1
cg22893791	1	0	1
cg10927841	1	0	1
cg15652532	0	1	1
cg17370319	0	1	1
cg04131969	1	0	1
cg00068038	0	1	1
cg10103850	0	1	1
cg14411266	1	0	1
cg20857709	0	1	1
cg01649611	0	1	1
cg00097146	0	1	1
cg07850967	0	1	1
cg09588360	0	1	1
cg15602548	0	1	1
cg15928680	1	0	1
cg14399369	0	1	1
cg06539717	0	1	1
cg04705620	0	1	1
cg07185131	1	0	1
cg04276301	0	1	1
cg27315333	0	1	1
cg10927449	0	1	1
cg08467103	0	1	1
cg14775296	1	0	1
cg06833110	1	0	1
cg20651995	1	0	1
cg06968859	1	0	1
cg07002540	1	0	1
cg22834443	1	0	1
cg20312012	1	0	1
cg04787024	0	1	1
cg15840891	1	0	1
cg11845785	0	1	1
cg21385746	0	1	1
cg03063658	0	1	1
cg20740711	0	1	1
cg10238145	1	0	1
cg13777681	1	0	1
cg13832669	1	0	1
cg15864074	1	0	1
cg02775804	1	0	1
cg03699623	1	0	1
cg02774705	0	1	1
cg24772388	1	0	1
cg05676570	0	1	1
cg11872231	1	0	1
cg03303633	0	1	1
cg19071452	0	1	1
cg10982635	0	1	1
cg25032991	0	1	1
cg17360854	0	1	1
cg24168002	0	1	1
cg17587327	0	1	1
cg08402365	1	0	1
cg02670123	1	0	1
cg10828660	0	1	1
cg08911275	0	1	1
cg04415176	0	1	1
cg25626427	0	1	1
cg22674699	1	0	1
cg11375458	1	0	1
cg13180315	0	1	1
cg25347419	1	0	1
cg06534197	0	1	1
cg17178175	0	1	1
cg07488576	0	1	1
cg08390172	0	1	1
cg06352750	0	1	1
cg14446712	0	1	1
cg27583307	0	1	1
cg23994043	1	0	1
cg08194369	0	1	1
cg08077337	0	1	1
cg03323067	0	1	1
cg18077971	0	1	1
cg02099878	1	0	1
cg23539753	1	0	1
cg09456094	1	0	1
cg01413054	0	1	1
cg16227748	1	0	1
cg03388266	1	0	1
cg10549071	1	0	1
cg24152976	0	1	1
cg24431734	0	1	1
cg15365028	1	0	1
cg14460503	0	1	1
cg22373519	1	0	1
cg23526973	0	1	1
cg17536603	0	1	1
cg09675853	0	1	1
cg14823429	0	1	1
cg06193597	1	0	1
cg10397934	1	0	1
cg26395694	1	0	1
cg23662097	0	1	1
cg14992144	1	0	1
cg05446471	1	0	1
cg19112357	1	0	1
cg08003402	1	0	1
cg03495084	0	1	1
cg07078958	0	1	1
cg01087463	1	0	1
cg01336231	1	0	1
cg05935571	1	0	1
cg27416337	0	1	1
cg12417466	0	1	1
cg09550909	0	1	1
cg11219400	0	1	1
cg20768638	1	0	1
cg01636650	0	1	1
cg02352281	1	0	1
cg26468478	1	0	1
cg02858118	1	0	1
cg12468774	1	0	1
cg21908110	1	0	1
cg23516560	1	0	1
cg12835118	1	0	1
cg21148362	1	0	1
cg25758137	1	0	1
cg03329597	0	1	1
cg09626521	0	1	1
cg11612799	0	1	1
cg15317129	0	1	1
cg13609040	0	1	1
cg01948202	1	0	1
cg18670236	0	1	1
cg18862481	0	1	1
cg12298268	1	0	1
cg26226555	0	1	1
cg25645064	1	0	1
cg06181508	1	0	1
cg27606499	1	0	1
cg03900143	1	0	1
cg12892506	1	0	1
cg04738965	0	1	1
cg01376826	0	1	1
cg23017915	1	0	1
cg15043384	1	0	1
cg14557185	1	0	1
cg02056062	1	0	1
cg06253058	1	0	1
cg10723575	0	1	1
cg14986890	0	1	1
cg20085953	1	0	1
cg03466587	0	1	1
cg26767081	0	1	1
cg27295342	1	0	1
cg00828689	1	0	1
cg25354926	1	0	1
cg05327835	1	0	1
cg12414557	1	0	1
cg26923863	1	0	1
cg26479374	1	0	1
cg24980653	0	1	1
cg15202627	0	1	1
cg27661394	0	1	1
cg16942223	1	0	1
cg22328396	1	0	1
cg02853152	0	1	1
cg23804620	0	1	1
cg16506970	1	0	1
cg20834178	0	1	1
cg00387964	0	1	1
cg10671830	1	0	1
cg25788793	0	1	1
cg16295725	0	1	1
cg17694130	0	1	1
cg06580014	0	1	1
cg14369318	0	1	1
cg22773661	0	1	1
cg04845060	0	1	1
cg14824921	1	0	1
cg15696506	1	0	1
cg04810284	0	1	1
cg20137991	0	1	1
cg13551535	0	1	1
cg26105156	0	1	1
cg27338511	0	1	1
cg11468363	0	1	1
cg19533294	1	0	1
cg02734358	1	0	1
cg17397028	0	1	1
cg04854098	1	0	1
cg15633390	1	0	1
cg21341586	1	0	1
cg19446340	1	0	1
cg10055501	0	1	1
cg07868715	0	1	1
cg17521583	0	1	1
cg03652336	0	1	1
cg04074001	0	1	1
cg06570358	0	1	1
cg20334738	0	1	1
cg08219218	1	0	1
cg16385330	1	0	1
cg11637968	1	0	1
cg07681935	0	1	1
cg02348751	0	1	1
cg04960065	0	1	1
cg05648010	0	1	1
cg17778888	1	0	1
cg02124887	1	0	1
cg15668967	1	0	1
cg11599887	0	1	1
cg23939096	1	0	1
cg13005202	1	0	1
cg15095922	0	1	1
cg07672238	1	0	1
cg23008238	0	1	1
cg11412466	1	0	1
cg19076425	1	0	1
cg02621151	0	1	1
cg20428720	0	1	1
cg02120433	0	1	1
cg04243827	0	1	1
cg17496661	0	1	1
cg22762492	0	1	1
cg10530883	1	0	1
cg06060135	1	0	1
cg25923609	1	0	1
cg09562563	0	1	1
cg22784954	1	0	1
cg07340025	0	1	1
cg01252672	0	1	1
cg23960088	1	0	1
cg08446038	0	1	1
cg12534147	0	1	1
cg04486886	1	0	1
cg13112511	0	1	1
cg03323696	1	0	1
cg09656152	0	1	1
cg06433467	0	1	1
cg07752120	1	0	1
cg15690342	1	0	1
cg17810609	0	1	1
cg23361127	0	1	1
cg24722577	1	0	1
cg16304215	1	0	1
cg18869404	1	0	1
cg02061173	1	0	1
cg15153141	1	0	1
cg09507411	1	0	1
cg08850461	0	1	1
cg01764252	0	1	1
cg25443851	0	1	1
cg16349093	0	1	1
cg15444648	1	0	1
cg16600634	1	0	1
cg05977002	1	0	1
cg02081019	0	1	1
cg20415170	1	0	1
cg06062378	1	0	1
cg27107171	0	1	1
cg10574006	0	1	1
cg04217498	1	0	1
cg17958315	0	1	1
cg09163745	0	1	1
cg04470557	1	0	1
cg15613420	1	0	1
cg01889143	1	0	1
cg24792289	1	0	1
cg26620710	1	0	1
cg25916993	1	0	1
cg25388800	0	1	1
cg16179182	0	1	1
cg12532653	0	1	1
cg09178190	1	0	1
cg25518868	0	1	1
cg01553231	0	1	1
cg02037475	0	1	1
cg12307314	0	1	1
cg22184990	1	0	1
cg04051335	1	0	1
cg09902379	1	0	1
cg04822621	1	0	1
cg15129183	0	1	1
cg12989934	0	1	1
cg18430555	1	0	1
cg13656752	0	1	1
cg25693317	0	1	1
cg05234035	1	0	1
cg12646385	1	0	1
cg26121591	1	0	1
cg01235000	0	1	1
cg07858195	0	1	1
cg15035705	0	1	1
cg12671632	0	1	1
cg26725201	1	0	1
cg13413719	1	0	1
cg24816460	1	0	1
cg11935248	0	1	1
cg13021333	0	1	1
cg13830081	1	0	1
cg13411789	0	1	1
cg24067911	0	1	1
cg04208666	0	1	1
cg15659132	0	1	1
cg06781135	1	0	1
cg11549265	0	1	1
cg17736443	0	1	1
cg24126967	1	0	1
cg10739715	1	0	1
cg26751972	0	1	1
cg07474957	1	0	1
cg13910785	1	0	1
cg23905789	1	0	1
cg17480035	1	0	1
cg24760581	1	0	1
cg20294304	0	1	1
cg02128567	1	0	1
cg10981439	1	0	1
cg15760474	0	1	1
cg05020625	1	0	1
cg06113789	0	1	1
cg01946401	0	1	1
cg23913421	1	0	1
cg00155310	0	1	1
cg02235918	1	0	1
cg16640633	0	1	1
cg17838734	0	1	1
cg24539234	0	1	1
cg21688264	1	0	1
cg03301058	0	1	1
cg04537567	1	0	1
cg21063722	0	1	1
cg24574819	0	1	1
cg13357482	0	1	1
cg06577045	0	1	1
cg24989739	0	1	1
cg02407659	0	1	1
cg15666214	1	0	1
cg23840219	0	1	1
cg17266282	0	1	1
cg05117638	1	0	1
cg22676075	0	1	1
cg21778987	0	1	1
cg23163917	0	1	1
cg02969422	1	0	1
cg19758859	1	0	1
cg20331980	0	1	1
cg00449868	0	1	1
cg04275695	0	1	1
cg17501395	1	0	1
cg26739230	0	1	1
cg26373733	0	1	1
cg12033615	1	0	1
cg10799846	1	0	1
cg02829601	0	1	1
cg05915362	0	1	1
cg11724750	1	0	1
cg21354781	1	0	1
cg25862072	1	0	1
cg06463958	0	1	1
cg19618622	1	0	1
cg01094309	1	0	1
cg00278517	1	0	1
cg21986027	0	1	1
cg06518838	0	1	1
cg05526015	0	1	1
cg05620980	1	0	1
cg16581738	0	1	1
cg26055747	1	0	1
cg16232530	1	0	1
cg04206484	0	1	1
cg15028507	0	1	1
cg21110456	1	0	1
cg10688297	1	0	1
cg17321639	0	1	1
cg02527886	1	0	1
cg25981350	1	0	1
cg24620436	0	1	1
cg02632809	1	0	1
cg12885484	1	0	1
cg04456219	0	1	1
cg16925459	0	1	1
cg25228422	0	1	1
cg24755163	0	1	1
cg16104915	0	1	1
cg12600174	0	1	1
cg26365299	0	1	1
cg11526778	1	0	1
cg15400671	0	1	1
cg18850127	1	0	1
cg13800005	1	0	1
cg13135047	1	0	1
cg13508800	1	0	1
cg23654401	0	1	1
cg04601228	0	1	1
cg19793499	0	1	1
cg02300154	1	0	1
cg10052687	1	0	1
cg17404449	1	0	1
cg03823904	1	0	1
cg04599026	1	0	1
cg25711558	1	0	1
cg12679308	1	0	1
cg18965179	1	0	1
cg25887619	0	1	1
cg19310653	1	0	1
cg09441736	1	0	1
cg16087541	0	1	1
cg16808481	0	1	1
cg17986181	0	1	1
cg13374528	1	0	1
cg03446876	0	1	1
cg06875413	0	1	1
cg08072507	1	0	1
cg19858214	0	1	1
cg15812586	0	1	1
cg19709083	1	0	1
cg18500448	1	0	1
cg23208717	0	1	1
cg20739526	1	0	1
cg13609821	0	1	1
cg02582057	1	0	1
cg00802903	0	1	1
cg12712184	1	0	1
cg24838949	1	0	1
cg18845377	1	0	1
cg16283362	1	0	1
cg08927016	0	1	1
cg27651243	0	1	1
cg14289852	1	0	1
cg17920646	1	0	1
cg24536782	1	0	1
cg05650680	0	1	1
cg25673948	0	1	1
cg11998141	0	1	1
cg09177567	0	1	1
cg09899173	0	1	1
cg12142501	0	1	1
cg24504942	1	0	1
cg08373605	1	0	1
cg21193744	0	1	1
cg02326058	0	1	1
cg17526103	1	0	1
cg10414350	1	0	1
cg09817024	1	0	1
cg15463628	0	1	1
cg27064337	0	1	1
cg16479633	1	0	1
cg27655507	1	0	1
cg21287554	0	1	1
cg03533519	1	0	1
cg16849041	0	1	1
cg21330896	1	0	1
cg05977072	0	1	1
cg15686474	0	1	1
cg25116789	0	1	1
cg04754683	0	1	1
cg14904662	0	1	1
cg27498387	0	1	1
cg25801976	0	1	1
cg11235391	1	0	1
cg25538571	1	0	1
cg25578728	0	1	1
cg17922998	1	0	1
cg16810605	0	1	1
cg21546184	1	0	1
cg25633678	0	1	1
cg10698928	0	1	1
cg07773510	1	0	1
cg10423607	1	0	1
cg19518104	1	0	1
cg13213009	0	1	1
cg19414706	0	1	1
cg25520872	0	1	1
cg22403811	1	0	1
cg00034076	1	0	1
cg16814680	1	0	1
cg12845520	1	0	1
cg06569139	1	0	1
cg11486078	0	1	1
cg21164765	0	1	1
cg20392240	1	0	1
cg01566592	0	1	1
cg27616227	0	1	1
cg06997767	0	1	1
cg25448355	1	0	1
cg26140475	0	1	1
cg17951713	0	1	1
cg07470207	0	1	1
cg10191240	0	1	1
cg00953443	1	0	1
cg00415011	1	0	1
cg13340765	1	0	1
cg09541794	0	1	1
cg17560015	1	0	1
cg13434411	1	0	1
cg00200734	1	0	1
cg14003693	0	1	1
cg01560422	1	0	1
cg13468759	0	1	1
cg14553740	1	0	1
cg00049440	0	1	1
cg13692426	1	0	1
cg13787850	0	1	1
cg14252279	1	0	1
cg14594187	0	1	1
cg14136214	0	1	1
cg14016879	0	1	1
cg13784312	1	0	1
cg13900763	0	1	1
cg21252105	1	0	1
cg13759674	1	0	1
cg13601936	1	0	1
cg13728069	0	1	1
cg17905091	0	1	1
cg26511507	1	0	1
cg14957660	1	0	1
cg13471336	1	0	1
cg11046864	0	1	1
cg09265586	1	0	1
cg18054281	0	1	1
cg13951697	0	1	1
cg23680451	1	0	1
cg06048750	1	0	1
cg27021181	0	1	1
cg25310700	1	0	1
cg03599078	0	1	1
cg24039697	1	0	1
cg11430077	1	0	1
cg05833351	1	0	1
cg04065885	0	1	1
cg12273284	0	1	1
cg20391567	0	1	1
cg03928431	1	0	1
cg04873514	0	1	1
cg00919702	1	0	1
cg21396949	1	0	1
cg27482619	1	0	1
cg11781335	1	0	1
cg25888881	0	1	1
cg02502704	0	1	1
cg15278262	0	1	1
cg17267805	1	0	1
cg23462772	0	1	1
cg17526462	1	0	1
cg27459529	1	0	1
cg26437842	1	0	1
cg04425920	1	0	1
cg12354377	0	1	1
cg26607103	0	1	1
cg18522931	1	0	1
cg02276361	1	0	1
cg26522946	1	0	1
cg27208307	1	0	1
cg18278184	1	0	1
cg17477052	1	0	1
cg13585930	0	1	1
cg14557288	1	0	1
cg09264782	1	0	1
cg02598618	0	1	1
cg08506606	1	0	1
cg16643151	1	0	1
cg00425843	1	0	1
cg23361930	0	1	1
cg18193259	1	0	1
cg03593014	1	0	1
cg25023095	1	0	1
cg23536629	0	1	1
cg01177167	1	0	1
cg24913868	1	0	1
cg02616947	0	1	1
cg24812837	0	1	1
cg25266629	0	1	1
cg23340017	0	1	1
cg05482942	0	1	1
cg13334135	1	0	1
cg14491820	1	0	1
cg10996596	1	0	1
cg14758812	0	1	1
cg04774043	1	0	1
cg22603555	1	0	1
cg14972210	0	1	1
cg03683087	0	1	1
cg25888386	1	0	1
cg07302910	1	0	1
cg22531668	1	0	1
cg26783057	1	0	1
cg03048654	0	1	1
cg06497848	0	1	1
cg12112529	0	1	1
cg26834887	0	1	1
cg26342147	1	0	1
cg07551060	0	1	1
cg13739115	0	1	1
cg23791011	1	0	1
cg11218091	1	0	1
cg11216554	1	0	1
cg14708218	1	0	1
cg18195080	1	0	1
cg19634157	0	1	1
cg22919863	0	1	1
cg07036530	0	1	1
cg24186506	0	1	1
cg17879101	1	0	1
cg12466037	0	1	1
cg00341191	0	1	1
cg17831791	0	1	1
cg00806644	1	0	1
cg07394719	1	0	1
cg03752935	1	0	1
cg14939821	0	1	1
cg14731462	1	0	1
cg15621651	0	1	1
cg00054971	0	1	1
cg04457069	1	0	1
cg01335210	1	0	1
cg04904609	0	1	1
cg26229752	0	1	1
cg11757357	1	0	1
cg17004653	0	1	1
cg26864714	1	0	1
cg05825559	0	1	1
cg26869506	1	0	1
cg19754622	1	0	1
cg25969878	1	0	1
cg03435248	0	1	1
cg06760238	1	0	1
cg03438101	1	0	1
cg03687241	1	0	1
cg14398860	1	0	1
cg14546128	1	0	1
cg19683821	1	0	1
cg09323395	0	1	1
cg25526061	0	1	1
cg13058214	1	0	1
cg03494648	1	0	1
cg23623667	0	1	1
cg18729298	0	1	1
cg26457809	0	1	1
cg21753226	0	1	1
cg22389375	0	1	1
cg25203481	0	1	1
cg01530101	0	1	1
cg22096450	0	1	1
cg07149022	0	1	1
cg13924715	1	0	1
cg20098471	0	1	1
cg03611487	0	1	1
cg09150064	1	0	1
cg25412831	1	0	1
cg06666008	1	0	1
cg09224689	1	0	1
cg09537620	1	0	1
cg11162118	0	1	1
cg07434271	1	0	1
cg20512711	1	0	1
cg12500879	1	0	1
cg04188351	1	0	1
cg08586426	1	0	1
cg14082886	0	1	1
cg12394201	0	1	1
cg20968743	0	1	1
cg11468953	0	1	1
cg04515608	0	1	1
cg25072179	0	1	1
cg26379859	0	1	1
cg04067139	0	1	1
cg18151345	1	0	1
cg26427109	1	0	1
cg03724006	1	0	1
cg27456707	1	0	1
cg25819103	1	0	1
cg05697539	1	0	1
cg10940462	1	0	1
cg22187354	1	0	1
cg17236169	1	0	1
cg24980551	0	1	1
cg04255276	1	0	1
cg13044675	1	0	1
cg13781158	1	0	1
cg11169848	0	1	1
cg23009355	1	0	1
cg11152384	0	1	1
cg03357006	0	1	1
cg23478547	1	0	1
cg06539449	0	1	1
cg00646241	0	1	1
cg20843277	1	0	1
cg09331409	1	0	1
cg09966895	1	0	1
cg27149179	1	0	1
cg26402417	0	1	1
cg05671385	1	0	1
cg06902379	0	1	1
cg05929864	1	0	1
cg03851835	0	1	1
cg06579738	0	1	1
cg11694519	0	1	1
cg03548415	1	0	1
cg10490645	0	1	1
cg23575688	0	1	1
cg27179693	1	0	1
cg04681489	1	0	1
cg15357075	1	0	1
cg16143578	0	1	1
cg09657963	1	0	1
cg20358011	0	1	1
cg25508319	1	0	1
cg14275354	1	0	1
cg12105941	1	0	1
cg16630482	1	0	1
cg07363697	0	1	1
cg26361533	0	1	1
cg26863534	0	1	1
cg17775989	1	0	1
cg23019886	0	1	1
cg21440776	0	1	1
cg21638533	1	0	1
cg04956511	1	0	1
cg06645921	1	0	1
cg06598091	1	0	1
cg11655490	0	1	1
cg16083711	0	1	1
cg27555582	1	0	1
cg26165146	0	1	1
cg01963134	0	1	1
cg18187200	0	1	1
cg15878670	1	0	1
cg05655647	0	1	1
cg03078363	0	1	1
cg00240653	1	0	1
cg18069290	0	1	1
cg21361094	1	0	1
cg03726817	1	0	1
cg03919488	0	1	1
cg06842800	1	0	1
cg15689991	1	0	1
cg07780095	0	1	1
cg07687131	0	1	1
cg11146034	0	1	1
cg22827210	0	1	1
cg16861964	1	0	1
cg07911905	1	0	1
cg10790429	1	0	1
cg00450784	0	1	1
cg08752433	0	1	1
cg19026859	1	0	1
cg12181579	1	0	1
cg09414280	0	1	1
cg24637035	1	0	1
cg15284545	0	1	1
cg12077664	0	1	1
cg01589353	0	1	1
cg15161050	0	1	1
cg04569082	0	1	1
cg12492900	0	1	1
cg14189142	1	0	1
cg25524962	0	1	1
cg27234864	1	0	1
cg12081946	1	0	1
cg13048903	1	0	1
cg17117459	1	0	1
cg20765408	0	1	1
cg21812277	0	1	1
cg20562678	0	1	1
cg13595212	1	0	1
cg15992563	0	1	1
cg16661209	0	1	1
cg02121529	1	0	1
cg02632314	0	1	1
cg18456803	0	1	1
cg25532201	1	0	1
cg06573096	0	1	1
cg05426006	0	1	1
cg25034941	1	0	1
cg11093142	1	0	1
cg02512286	0	1	1
cg26132774	0	1	1
cg14123923	0	1	1
cg18789918	0	1	1
cg05257202	1	0	1
cg16683060	0	1	1
cg16193278	1	0	1
cg12578486	0	1	1
cg15608301	0	1	1
cg20617957	0	1	1
cg25527494	1	0	1
cg00295794	1	0	1
cg22489321	1	0	1
cg13436155	1	0	1
cg22070156	1	0	1
cg21690450	1	0	1
cg20602244	1	0	1
cg24062389	1	0	1
cg12480053	1	0	1
cg16210355	0	1	1
cg01733904	1	0	1
cg02099572	1	0	1
cg08959039	0	1	1
cg12114200	0	1	1
cg05294112	1	0	1
cg09498572	1	0	1
cg02058624	1	0	1
cg15415452	1	0	1
cg13692446	1	0	1
cg25570913	1	0	1
cg07998277	0	1	1
cg13450266	0	1	1
cg09294084	1	0	1
cg01334831	1	0	1
cg15384598	1	0	1
cg13555354	0	1	1
cg26158983	0	1	1
cg23690804	0	1	1
cg18680181	0	1	1
cg04545963	1	0	1
cg23906738	0	1	1
cg21547690	0	1	1
cg25053413	0	1	1
cg05309989	0	1	1
cg22881914	0	1	1
cg25685519	0	1	1
cg02183170	1	0	1
cg21039708	0	1	1
cg02069592	1	0	1
cg21026830	0	1	1
cg20585530	0	1	1
cg19456540	0	1	1
cg15425541	1	0	1
cg18729886	1	0	1
cg03534360	0	1	1
cg19961800	1	0	1
cg16319578	0	1	1
cg21123519	0	1	1
cg04281464	0	1	1
cg06879219	0	1	1
cg27317046	1	0	1
cg00681462	1	0	1
cg00716257	0	1	1
cg10392428	1	0	1
cg14391345	1	0	1
cg02330500	0	1	1
cg06906435	1	0	1
cg24169915	0	1	1
cg15193249	1	0	1
cg19918549	1	0	1
cg10167235	0	1	1
cg03548062	0	1	1
cg11193865	0	1	1
cg05224126	0	1	1
cg13797425	1	0	1
cg10832239	1	0	1
cg18250677	1	0	1
cg03024760	0	1	1
cg01763090	1	0	1
cg14891209	1	0	1
cg12309653	1	0	1
cg14397690	1	0	1
cg12036633	0	1	1
cg02966899	0	1	1
cg12317470	0	1	1
cg24032190	0	1	1
cg27417749	0	1	1
cg03278514	1	0	1
cg00754989	0	1	1
cg01947066	1	0	1
cg00973309	0	1	1
cg16427107	1	0	1
cg14070108	0	1	1
cg16668651	0	1	1
cg22387369	0	1	1
cg13374432	1	0	1
cg23007087	1	0	1
cg02614024	1	0	1
cg18567924	1	0	1
cg09157727	0	1	1
cg08370996	0	1	1
cg14858469	0	1	1
cg06926934	0	1	1
cg23042706	0	1	1
cg18614734	0	1	1
cg00436496	1	0	1
cg26267430	1	0	1
cg03310087	1	0	1
cg21314318	1	0	1
cg07973095	1	0	1
cg05542681	1	0	1
cg10244976	1	0	1
cg06430465	1	0	1
cg05525297	0	1	1
cg06211550	1	0	1
cg04606170	1	0	1
cg02016178	1	0	1
cg01385708	0	1	1
cg09684846	1	0	1
cg26460506	0	1	1
cg02533339	0	1	1
cg08224563	1	0	1
cg01382502	1	0	1
cg06470626	0	1	1
cg26505691	1	0	1
cg09602020	0	1	1
cg04640675	0	1	1
cg05308504	1	0	1
cg02304226	0	1	1
cg05583608	0	1	1
cg08304084	1	0	1
cg00683332	0	1	1
cg01754423	1	0	1
cg09275704	0	1	1
cg06088745	1	0	1
cg08409642	0	1	1
cg08480996	0	1	1
cg16626067	1	0	1
cg27093918	0	1	1
cg09066997	1	0	1
cg00319595	0	1	1
cg05462446	0	1	1
cg06627532	1	0	1
cg01425762	0	1	1
cg06250127	0	1	1
cg01704698	1	0	1
cg01782247	0	1	1
cg01727408	1	0	1
cg10174683	1	0	1
cg00128386	0	1	1
cg04874795	0	1	1
cg00108351	0	1	1
cg16801887	1	0	1
cg09360770	0	1	1
cg02878439	1	0	1
cg06672008	0	1	1
cg00352652	0	1	1
cg04879832	1	0	1
cg08843517	1	0	1
cg09025501	1	0	1
cg19790294	0	1	1
cg05557991	1	0	1
cg02059317	1	0	1
cg26547698	1	0	1
cg05528899	1	0	1
cg08457620	0	1	1
cg23403980	1	0	1
cg17062279	0	1	1
cg14582845	1	0	1
cg19983403	1	0	1
cg02466246	1	0	1
cg02685896	1	0	1
cg14676825	1	0	1
cg18448746	1	0	1
cg10335736	0	1	1
cg18748374	1	0	1
cg13759778	1	0	1
cg01890568	1	0	1
cg10464462	1	0	1
cg08330690	1	0	1
cg19409060	1	0	1
cg14122138	1	0	1
cg03724728	0	1	1
cg10188897	0	1	1
cg03061122	0	1	1
cg01122302	0	1	1
cg11088422	0	1	1
cg18026225	1	0	1
cg08085267	0	1	1
cg19784903	1	0	1
cg00103448	1	0	1
cg19047660	0	1	1
cg09328349	0	1	1
cg00682096	0	1	1
cg01774894	0	1	1
cg05490023	1	0	1
cg24889708	0	1	1
cg20221707	0	1	1
cg03966751	0	1	1
cg17129986	1	0	1
cg05207834	0	1	1
cg26749844	0	1	1
cg22451358	1	0	1
cg06452419	0	1	1
cg07110356	1	0	1
cg16936953	0	1	1
cg12054453	0	1	1
cg01409343	0	1	1
cg18942579	0	1	1
cg01913455	0	1	1
cg21727223	0	1	1
cg25233271	0	1	1
cg24796998	1	0	1
cg26758486	1	0	1
cg25326998	0	1	1
cg04650676	0	1	1
cg03568017	0	1	1
cg07101841	0	1	1
cg20523169	1	0	1
cg10140240	0	1	1
cg07366188	1	0	1
cg20930294	1	0	1
cg27549186	0	1	1
cg17367884	1	0	1
cg18749563	1	0	1
cg03582371	0	1	1
cg24207068	0	1	1
cg22280238	0	1	1
cg24138691	0	1	1
cg12602405	1	0	1
cg23018755	1	0	1
cg01543184	1	0	1
cg04428071	1	0	1
cg16755833	1	0	1
cg15787636	1	0	1
cg14106046	1	0	1
cg01826354	1	0	1
cg20123962	1	0	1
cg03278146	0	1	1
cg03117976	0	1	1
cg01022219	0	1	1
cg01288184	1	0	1
cg25693302	0	1	1
cg07835051	1	0	1
cg05585821	1	0	1
cg23491124	1	0	1
cg21902544	1	0	1
cg18448581	1	0	1
cg27262850	1	0	1
cg14549976	0	1	1
cg06423211	1	0	1
cg03306486	1	0	1
cg19333963	1	0	1
cg19305488	1	0	1
cg08958549	1	0	1
cg10761804	0	1	1
cg14040358	1	0	1
cg22992730	0	1	1
cg02898159	0	1	1
cg19474047	1	0	1
cg14678774	0	1	1
cg06623668	1	0	1
cg25755428	0	1	1
cg24704287	1	0	1
cg00880290	1	0	1
cg10385290	1	0	1
cg17759252	0	1	1
cg23358625	1	0	1
cg12245770	0	1	1
cg10836101	1	0	1
cg18805164	0	1	1
cg15072680	1	0	1
cg14542583	1	0	1
cg03635532	1	0	1
cg17768491	0	1	1
cg12248614	0	1	1
cg27645259	0	1	1
cg19031575	0	1	1
cg18226166	1	0	1
cg19470372	1	0	1
cg19861117	1	0	1
cg23928165	0	1	1
cg15985184	0	1	1
cg19429281	0	1	1
cg19925849	1	0	1
cg24368848	1	0	1
cg25537993	1	0	1
cg10132208	1	0	1
cg20449685	0	1	1
cg02473540	0	1	1
cg09907936	0	1	1
cg21294424	1	0	1
cg25458175	0	1	1
cg24306585	0	1	1
cg05955436	1	0	1
cg25218716	1	0	1
cg16271437	1	0	1
cg08304190	1	0	1
cg14815891	0	1	1
cg00157199	0	1	1
cg09272948	0	1	1
cg19927885	0	1	1
cg14714222	0	1	1
cg20419623	1	0	1
cg05232694	1	0	1
cg20979153	0	1	1
cg15442800	1	0	1
cg22262702	0	1	1
cg18848959	0	1	1
cg16353508	1	0	1
cg23201527	1	0	1
cg17022362	0	1	1
cg26186239	1	0	1
cg23957118	1	0	1
cg18979623	1	0	1
cg23856293	1	0	1
cg16772207	0	1	1
cg04847841	1	0	1
cg23322242	0	1	1
cg01090834	0	1	1
cg21442271	1	0	1
cg14130977	1	0	1
cg03263514	1	0	1
cg02209075	1	0	1
cg01037082	1	0	1
cg07127410	0	1	1
cg26758857	1	0	1
cg07713361	1	0	1
cg11559967	0	1	1
cg12555844	1	0	1
cg09080522	1	0	1
cg04689080	0	1	1
cg04332442	1	0	1
cg12974599	1	0	1
cg20435485	1	0	1
